{"cameraMode":{"drawMode":2,"name":"Shaded Wireframe","section":"Shading Mode"},"sceneLighting":true,"audioPlay":false,"sceneViewState":{"showFog":true,"showMaterialUpdate":false,"showSkybox":true,"showFlares":true,"showImageEffects":true,"showParticleSystems":true},"in2DMode":false,"pivot":{"x":4.94394588470459,"y":-5.794060707092285,"z":3.6491856575012209},"rotation":{"x":-0.608485221862793,"y":-0.016188152134418489,"z":0.012416526675224305,"w":-0.7933036088943481},"size":23.273130416870118,"orthographic":false}