{"cameraMode":{"drawMode":2,"name":"Shaded Wireframe","section":"Shading Mode"},"sceneLighting":true,"audioPlay":false,"sceneViewState":{"showFog":true,"showMaterialUpdate":false,"showSkybox":true,"showFlares":true,"showImageEffects":true,"showParticleSystems":true},"in2DMode":false,"pivot":{"x":118.4019546508789,"y":320.5608215332031,"z":241.3170166015625},"rotation":{"x":-0.07224490493535996,"y":-0.006884908303618431,"z":0.0004985624109394848,"w":-0.9973636269569397},"size":1152.2392578125,"orthographic":false}