{"cameraMode":{"drawMode":2,"name":"Shaded Wireframe","section":"Shading Mode"},"sceneLighting":true,"audioPlay":false,"sceneViewState":{"showFog":true,"showMaterialUpdate":false,"showSkybox":true,"showFlares":true,"showImageEffects":true,"showParticleSystems":true},"in2DMode":false,"pivot":{"x":42.44337844848633,"y":-43.042320251464847,"z":61.922489166259769},"rotation":{"x":-0.3900512158870697,"y":-0.5252299904823303,"z":0.2940112054347992,"w":-0.6968172192573547},"size":82.654296875,"orthographic":false}