{"cameraMode":{"drawMode":2,"name":"Shaded Wireframe","section":"Shading Mode"},"sceneLighting":false,"audioPlay":false,"sceneViewState":{"showFog":true,"showMaterialUpdate":false,"showSkybox":true,"showFlares":true,"showImageEffects":true,"showParticleSystems":true},"in2DMode":false,"pivot":{"x":1548.84814453125,"y":-1524.4307861328125,"z":88.66600036621094},"rotation":{"x":-0.2497090995311737,"y":-0.655875563621521,"z":0.24490541219711305,"w":-0.6689687967300415},"size":3084.573974609375,"orthographic":false}