{"cameraMode":{"drawMode":2,"name":"Shaded Wireframe","section":"Shading Mode"},"sceneLighting":true,"audioPlay":false,"sceneViewState":{"showFog":true,"showMaterialUpdate":false,"showSkybox":true,"showFlares":true,"showImageEffects":true,"showParticleSystems":true},"in2DMode":false,"pivot":{"x":143.04583740234376,"y":-234.6517791748047,"z":162.0596923828125},"rotation":{"x":-0.4236273169517517,"y":-0.5513702034950256,"z":0.38479724526405337,"w":-0.6070104837417603},"size":320.9679260253906,"orthographic":false}