{"cameraMode":{"drawMode":2,"name":"Shaded Wireframe","section":"Shading Mode"},"sceneLighting":true,"audioPlay":false,"sceneViewState":{"showFog":true,"showMaterialUpdate":false,"showSkybox":true,"showFlares":true,"showImageEffects":true,"showParticleSystems":true},"in2DMode":false,"pivot":{"x":-8.698848724365235,"y":-364.8824462890625,"z":-0.8634719848632813},"rotation":{"x":-0.7046970129013062,"y":-0.26243117451667788,"z":0.3212966024875641,"w":-0.5755928158760071},"size":406.946044921875,"orthographic":false}