{"cameraMode":{"drawMode":2,"name":"Shaded Wireframe","section":"Shading Mode"},"sceneLighting":true,"audioPlay":false,"sceneViewState":{"showFog":true,"showMaterialUpdate":false,"showSkybox":true,"showFlares":true,"showImageEffects":true,"showParticleSystems":true},"in2DMode":false,"pivot":{"x":29.918109893798829,"y":-5.388204574584961,"z":15.231956481933594},"rotation":{"x":-0.009372042492032051,"y":0.9798504710197449,"z":-0.19384747743606568,"w":-0.047394659370183948},"size":107.43846893310547,"orthographic":false}