{"cameraMode":{"drawMode":2,"name":"Shaded Wireframe","section":"Shading Mode"},"sceneLighting":true,"audioPlay":false,"sceneViewState":{"showFog":true,"showMaterialUpdate":false,"showSkybox":true,"showFlares":true,"showImageEffects":true,"showParticleSystems":true},"in2DMode":false,"pivot":{"x":58.305301666259769,"y":-115.35679626464844,"z":50.93333435058594},"rotation":{"x":-0.5409455895423889,"y":-0.023458609357476236,"z":0.015102265402674675,"w":-0.8405966758728027},"size":157.3313446044922,"orthographic":false}