{"cameraMode":{"drawMode":2,"name":"Shaded Wireframe","section":"Shading Mode"},"sceneLighting":true,"audioPlay":false,"sceneViewState":{"showFog":true,"showMaterialUpdate":false,"showSkybox":true,"showFlares":true,"showImageEffects":true,"showParticleSystems":true},"in2DMode":false,"pivot":{"x":54.511207580566409,"y":-19.68857192993164,"z":4.601306915283203},"rotation":{"x":-0.09592081606388092,"y":-0.8431888222694397,"z":0.5040753483772278,"w":-0.16049113869667054},"size":34.732582092285159,"orthographic":false}