{"cameraMode":{"drawMode":2,"name":"Shaded Wireframe","section":"Shading Mode"},"sceneLighting":true,"audioPlay":false,"sceneViewState":{"showFog":true,"showMaterialUpdate":false,"showSkybox":true,"showFlares":true,"showImageEffects":true,"showParticleSystems":true},"in2DMode":false,"pivot":{"x":48.76687240600586,"y":-240.18405151367188,"z":108.60379028320313},"rotation":{"x":-0.5756497979164124,"y":-0.028199125081300737,"z":0.01992725022137165,"w":-0.8169816136360169},"size":328.7564392089844,"orthographic":false}